AREA_CD,CATEGORY,AREA_NM,ADM_CD,ADM_NM,overlap_area,poi_area,poi_share
POI001,관광특구,강남 MICE 관광특구,11230580,삼성1동,190150.6110039012,190406.71205334883,0.9986549788781822
POI001,관광특구,강남 MICE 관광특구,11230790,대치2동,256.10104944792005,190406.71205334883,0.0013450211218193019
POI002,관광특구,동대문 관광특구,11020690,신당동,304974.24080473155,610692.6933437496,0.4993906823002813
POI002,관광특구,동대문 관광특구,11020590,광희동,288073.5043195823,610692.6933437496,0.47171598327512676
POI002,관광특구,동대문 관광특구,11020600,을지로동,17342.655906489512,610692.6933437496,0.02839833535838228
POI002,관광특구,동대문 관광특구,11010670,창신1동,302.2923129404886,610692.6933437496,0.0004949990662002777
POI003,관광특구,명동 관광특구,11020550,명동,580125.6174807015,928285.7552399307,0.6249429275479494
POI003,관광특구,명동 관광특구,11020520,소공동,230328.73570899758,928285.7552399307,0.24812266525566293
POI003,관광특구,명동 관광특구,11020540,회현동,117322.64953912601,928285.7552399307,0.12638635126831396
POI003,관광특구,명동 관광특구,11010610,종로1·2·3·4가동,479.31128440749535,928285.7552399307,0.0005163402343533856
POI003,관광특구,명동 관광특구,11010530,사직동,29.44122669889647,928285.7552399307,3.171569372115045e-05
POI004,관광특구,이태원 관광특구,11030650,이태원1동,285104.78149291786,392659.4815533104,0.7260865836349603
POI004,관광특구,이태원 관광특구,11030740,한남동,107297.01693601355,392659.4815533104,0.2732571655001437
POI004,관광특구,이태원 관광특구,11030660,이태원2동,250.92996452794785,392659.4815533104,0.0006390523502330854
POI004,관광특구,이태원 관광특구,11030520,용산2가동,6.753159854645244,392659.4815533104,1.7198514672129175e-05
POI005,관광특구,잠실 관광특구,11240590,오륜동,1447344.0716225917,2334343.337919284,0.6200219342681104
POI005,관광특구,잠실 관광특구,11240800,잠실3동,366121.81185993564,2334343.337919284,0.15684145768645932
POI005,관광특구,잠실 관광특구,11240770,잠실6동,271193.8352305855,2334343.337919284,0.11617564169986835
POI005,관광특구,잠실 관광특구,11240580,방이2동,173933.12584476796,2334343.337919284,0.07451051566381969
POI005,관광특구,잠실 관광특구,11240630,석촌동,36210.221999977155,2334343.337919284,0.015511952081673264
POI005,관광특구,잠실 관광특구,11240610,송파1동,25022.112237915764,2334343.337919284,0.010719122517863723
POI005,관광특구,잠실 관광특구,11240750,잠실4동,9923.764772504801,2334343.337919284,0.004251201873907008
POI005,관광특구,잠실 관광특구,11240570,방이1동,2711.0334276777753,2334343.337919284,0.0011613687599589587
POI005,관광특구,잠실 관광특구,11240520,풍납2동,1829.8465338062051,2334343.337919284,0.0007838806331879345
POI005,관광특구,잠실 관광특구,11240640,삼전동,53.51438953714985,2334343.337919284,2.2924815158017793e-05
POI006,관광특구,종로·청계 관광특구,11010610,종로1·2·3·4가동,393974.19213011215,635581.9188273055,0.6198637507766472
POI006,관광특구,종로·청계 관광특구,11010670,창신1동,127958.67558065732,635581.9188273055,0.20132522935320485
POI006,관광특구,종로·청계 관광특구,11010630,종로5·6가동,111713.5661439303,635581.9188273055,0.1757658026994378
POI006,관광특구,종로·청계 관광특구,11020550,명동,1519.1407330318639,635581.9188273055,0.002390157252797229
POI006,관광특구,종로·청계 관광특구,11010530,사직동,416.34423958226165,635581.9188273055,0.0006550599179259957
POI007,관광특구,홍대 관광특구,11140660,서교동,1200166.351646081,1270314.2438299747,0.9447791028679652
POI007,관광특구,홍대 관광특구,11140760,서강동,35871.18688840856,1270314.2438299747,0.028238041935401414
POI007,관광특구,홍대 관광특구,11140680,합정동,34259.67265307437,1270314.2438299747,0.026969446984851615
POI007,관광특구,홍대 관광특구,11140710,연남동,13.254774204283022,1270314.2438299747,1.0434248272553502e-05
POI007,관광특구,홍대 관광특구,11130750,신촌동,3.7764698904155836,1270314.2438299747,2.9728627453862083e-06
POI008,고궁·문화유산,경복궁,11010720,청운효자동,436450.5001263753,444986.292669007,0.9808178528569175
POI008,고궁·문화유산,경복궁,11010530,사직동,6549.90616428923,444986.292669007,0.014719343656639848
POI008,고궁·문화유산,경복궁,11010610,종로1·2·3·4가동,1751.352004051889,444986.292669007,0.003935743713693655
POI008,고궁·문화유산,경복궁,11010540,삼청동,234.53437428658233,444986.292669007,0.0005270597727400907
POI009,고궁·문화유산,광화문·덕수궁,11020520,소공동,206275.48025246937,787380.7842244388,0.26197677716461976
POI009,고궁·문화유산,광화문·덕수궁,11010530,사직동,180132.96346952044,787380.7842244388,0.2287749041868597
POI009,고궁·문화유산,광화문·덕수궁,11010610,종로1·2·3·4가동,162195.8191210101,787380.7842244388,0.20599412935987657
POI009,고궁·문화유산,광화문·덕수궁,11020550,명동,103521.29612290038,787380.7842244388,0.1314755175602459
POI009,고궁·문화유산,광화문·덕수궁,11010720,청운효자동,82326.06652891172,787380.7842244388,0.1045568652148426
POI009,고궁·문화유산,광화문·덕수궁,11010540,삼청동,52929.158729627394,787380.7842244388,0.06722180651355623
POI010,고궁·문화유산,보신각,11010610,종로1·2·3·4가동,160149.58144631475,160149.5814463148,0.9999999999999997
POI011,고궁·문화유산,서울 암사동 유적,11250580,암사2동,98551.16196560716,116969.62410439497,0.842536365489647
POI011,고궁·문화유산,서울 암사동 유적,11250590,암사3동,18418.462138787316,116969.62410439497,0.15746363451034864
POI012,고궁·문화유산,창덕궁·종묘,11010610,종로1·2·3·4가동,1106206.6184448418,1106283.4987391846,0.9999305057931078
POI012,고궁·문화유산,창덕궁·종묘,11010600,가회동,44.4778661304731,1106283.4987391846,4.020476322856111e-05
POI012,고궁·문화유산,창덕궁·종묘,11010640,이화동,15.99705671849465,1106283.4987391846,1.4460178369040363e-05
POI012,고궁·문화유산,창덕궁·종묘,11010730,혜화동,13.502011251002966,1106283.4987391846,1.2204838331576864e-05
POI012,고궁·문화유산,창덕궁·종묘,11010630,종로5·6가동,2.903360241706273,1106283.4987391846,2.6244269619995155e-06
POI013,인구밀집지역,가산디지털단지역,11180510,가산동,1166175.5774915358,1166212.6880346483,0.9999681785805512
POI013,인구밀집지역,가산디지털단지역,11170700,가리봉동,11.304938078866305,1166212.6880346483,9.693718988701685e-06
POI013,인구밀집지역,가산디지털단지역,11170520,구로1동,9.623968181418423,1166212.6880346483,8.252326766944327e-06
POI013,인구밀집지역,가산디지털단지역,31060580,철산1동,8.690464914597252,1166212.6880346483,7.451869632153288e-06
POI013,인구밀집지역,가산디지털단지역,31060600,철산3동,7.491171935749605,1166212.6880346483,6.423504059430232e-06
POI014,인구밀집지역,강남역,11230640,역삼1동,421780.29082141037,634465.5807451995,0.6647804130304694
POI014,인구밀집지역,강남역,11220540,서초4동,121141.77310628131,634465.5807451995,0.1909351378273295
POI014,인구밀집지역,강남역,11220520,서초2동,91543.51681748696,634465.5807451995,0.14428444914216823
POI015,인구밀집지역,건대입구역,11050670,자양4동,214293.24639711186,384867.8861349556,0.5567969012669688
POI015,인구밀집지역,건대입구역,11050530,화양동,101970.51617969094,384867.8861349556,0.26494940173817083
POI015,인구밀집지역,건대입구역,11050660,자양3동,68601.54604534041,384867.8861349556,0.1782469998582448
POI015,인구밀집지역,건대입구역,11040680,성수2가3동,2.5775128061912964,384867.8861349556,6.697136599460211e-06
POI016,인구밀집지역,고덕역,11250540,명일2동,105738.28647668692,107356.35466461795,0.9849280632433368
POI016,인구밀집지역,고덕역,11250760,상일1동,1369.7567365722157,107356.35466461795,0.012758972124671576
POI016,인구밀집지역,고덕역,11250550,고덕1동,248.31145135717952,107356.35466461795,0.0023129646319764337
POI017,인구밀집지역,고속터미널역,11220600,반포4동,244364.3364088355,244370.1209351547,0.9999763288314583
POI017,인구밀집지역,고속터미널역,11220570,반포1동,3.133480397422936,244370.1209351547,1.2822682189752759e-05
POI017,인구밀집지역,고속터미널역,11220580,반포2동,1.9692423480785988,244370.1209351547,8.058441598926698e-06
POI018,인구밀집지역,교대역,11220530,서초3동,124951.34408122156,213634.35685478785,0.5848841259468103
POI018,인구밀집지역,교대역,11220510,서초1동,66417.9013206317,213634.35685478785,0.3108952244314217
POI018,인구밀집지역,교대역,11220540,서초4동,22265.11145293379,213634.35685478785,0.10422064962176424
POI019,인구밀집지역,구로디지털단지역,11170540,구로3동,481944.1168216088,501928.07251679956,0.9601856186385712
POI019,인구밀집지역,구로디지털단지역,11210720,조원동,19139.864247040172,501928.07251679956,0.03813268333661405
POI019,인구밀집지역,구로디지털단지역,11170700,가리봉동,844.0914481524455,501928.07251679956,0.0016816980248184738
POI020,인구밀집지역,구로역,11170560,구로5동,73052.86074941333,81200.04976780494,0.8996652213676118
POI020,인구밀집지역,구로역,11170510,신도림동,7900.637120955778,81200.04976780494,0.09729842707668274
POI020,인구밀집지역,구로역,11170710,구로2동,246.55189742854054,81200.04976780494,0.003036351555615623
POI021,인구밀집지역,군자역,11050590,능동,82808.55082428525,221016.0187233868,0.37467216766728806
POI021,인구밀집지역,군자역,11050540,군자동,62964.827404634445,221016.0187233868,0.2848880717711156
POI021,인구밀집지역,군자역,11050560,중곡2동,54637.60198674681,221016.0187233868,0.24721104968924743
POI021,인구밀집지역,군자역,11050550,중곡1동,20605.038507717927,221016.0187233868,0.09322871087233825
POI023,인구밀집지역,대림역,11170550,구로4동,127881.78368188239,415297.7469981831,0.3079279495403616
POI023,인구밀집지역,대림역,11190720,대림3동,114610.89415386974,415297.7469981831,0.27597282909018805
POI023,인구밀집지역,대림역,11190710,대림2동,112489.72430231742,415297.7469981831,0.2708652409395555
POI023,인구밀집지역,대림역,11170540,구로3동,60261.92454411421,415297.7469981831,0.1451053490650838
POI023,인구밀집지역,대림역,11170710,구로2동,51.673649217131754,415297.7469981831,0.00012442554670867941
POI023,인구밀집지역,대림역,11190700,대림1동,1.7466667783093843,415297.7469981831,4.205818093005513e-06
POI024,인구밀집지역,동대문역,11010630,종로5·6가동,91760.40569980546,196834.50532153228,0.46618048776515775
POI024,인구밀집지역,동대문역,11010670,창신1동,58132.853007445345,196834.50532153228,0.2953387309429534
POI024,인구밀집지역,동대문역,11010680,창신2동,46936.718712817106,196834.50532153228,0.23845777769576137
POI024,인구밀집지역,동대문역,11020690,신당동,2.6412040618448565,196834.50532153228,1.3418399673016719e-05
POI024,인구밀집지역,동대문역,11020590,광희동,1.8866974020409417,196834.50532153228,9.585196452009222e-06
POI025,인구밀집지역,뚝섬역,11040660,성수1가2동,290757.9862641361,291717.47301429673,0.996710904080423
POI025,인구밀집지역,뚝섬역,11040650,성수1가1동,959.4867501506878,291717.47301429673,0.0032890959195428946
POI026,인구밀집지역,미아사거리역,11090710,송중동,185008.42141788185,323479.2586541811,0.5719328719485753
POI026,인구밀집지역,미아사거리역,11080680,길음2동,70603.44191569298,323479.2586541811,0.2182626552609122
POI026,인구밀집지역,미아사거리역,11090720,송천동,54891.14166399514,323479.2586541811,0.16968983387796463
POI026,인구밀집지역,미아사거리역,11080710,월곡1동,12976.253656608145,323479.2586541811,0.04011463891253858
POI027,인구밀집지역,발산역,11160751,가양1동,136310.0394472845,387846.7237726177,0.3514533734393456
POI027,인구밀집지역,발산역,11160540,등촌3동,129650.02684658642,387846.7237726177,0.3342816089445586
POI027,인구밀집지역,발산역,11160740,우장산동,98094.15123929908,387846.7237726177,0.2529198913558661
POI027,인구밀집지역,발산역,11160670,발산1동,23648.871689330557,387846.7237726177,0.06097478782158063
POI027,인구밀집지역,발산역,11160610,화곡6동,143.6345501086951,387846.7237726177,0.0003703384386273777
POI029,인구밀집지역,사당역,11200630,사당1동,147770.64267383495,347033.09176304546,0.42581138854254535
POI029,인구밀집지역,사당역,11220630,방배2동,126956.84250225048,347033.09176304546,0.3658349751525619
POI029,인구밀집지역,사당역,11210630,남현동,72305.60658697646,347033.09176304546,0.20835363630494003
POI030,인구밀집지역,삼각지역,11030730,한강로동,60724.01445349921,62810.139006638914,0.9667868184001438
POI030,인구밀집지역,삼각지역,11030530,남영동,2086.1245531373565,62810.139006638914,0.03321318159981874
POI031,인구밀집지역,서울대입구역,11210580,낙성대동,71725.46006086568,206419.58025861948,0.34747411060037087
POI031,인구밀집지역,서울대입구역,11210800,청룡동,55984.263769577476,206419.58025861948,0.27121585897731104
POI031,인구밀집지역,서울대입구역,11210570,행운동,45743.91939490329,206419.58025861948,0.22160649361650447
POI031,인구밀집지역,서울대입구역,11210610,중앙동,32965.93703327954,206419.58025861948,0.15970353680584512
POI032,인구밀집지역,서울식물원·마곡나루역,11160751,가양1동,512120.00083079666,590133.7831696611,0.867803226041652
POI032,인구밀집지역,서울식물원·마곡나루역,11160700,방화1동,78013.78233884828,590133.7831696611,0.13219677395832063
POI033,인구밀집지역,서울역,11020540,회현동,376009.39846743597,376035.543161446,0.9999304728117182
POI033,인구밀집지역,서울역,11030530,남영동,14.543527190789062,376035.543161446,3.867593756834041e-05
POI033,인구밀집지역,서울역,11020680,중림동,5.44513092147447,376035.543161446,1.4480362350046983e-05
POI033,인구밀집지역,서울역,11020520,소공동,3.3493030016554,376035.543161446,8.906878784640366e-06
POI033,인구밀집지역,서울역,11030510,후암동,2.7536683751351427,376035.543161446,7.322893873233922e-06
POI034,인구밀집지역,선릉역,11230590,삼성2동,387868.63940121396,767210.1661360884,0.5055572208520677
POI034,인구밀집지역,선릉역,11230630,대치4동,190126.25020878497,767210.1661360884,0.24781508196941723
POI034,인구밀집지역,선릉역,11230640,역삼1동,119301.73993835629,767210.1661360884,0.155500728749721
POI034,인구밀집지역,선릉역,11230650,역삼2동,68463.80756471907,767210.1661360884,0.0892373570980222
POI034,인구밀집지역,선릉역,11230790,대치2동,1449.729023010691,767210.1661360884,0.0018896113307673985
POI035,인구밀집지역,성신여대입구역,11080830,동선동,89143.40649880517,114055.39684034894,0.7815799073811933
POI035,인구밀집지역,성신여대입구역,11080820,삼선동,24911.990341543664,114055.39684034894,0.21842009261880577
POI036,인구밀집지역,수유역,11090650,수유3동,437702.36170143867,457024.48904328607,0.9577218993619019
POI036,인구밀집지역,수유역,11090600,번1동,13958.482349282556,457024.48904328607,0.03054208840865967
POI036,인구밀집지역,수유역,11090640,수유2동,5356.73843847671,457024.48904328607,0.011720900229417157
POI036,인구밀집지역,수유역,11100530,쌍문3동,6.448212288267613,457024.48904328607,1.4109117657493589e-05
POI037,인구밀집지역,신논현역·논현역,11230520,논현1동,140620.38426097593,194951.6593352316,0.7213089888051188
POI037,인구밀집지역,신논현역·논현역,11220570,반포1동,53982.05099211655,194951.6593352316,0.27689967439205543
POI037,인구밀집지역,신논현역·논현역,11220550,잠원동,235.5043495246587,194951.6593352316,0.0012080140806582937
POI037,인구밀집지역,신논현역·논현역,11230640,역삼1동,113.71973261397893,194951.6593352316,0.0005833227221648354
POI038,인구밀집지역,신도림역,11170510,신도림동,62996.35268944002,63000.96957729286,0.9999267171936588
POI038,인구밀집지역,신도림역,11170560,구로5동,2.8204185062274836,63000.96957729286,4.4767858735368317e-05
POI038,인구밀집지역,신도림역,11190760,문래동,1.7231056508874933,63000.96957729286,2.7350462420637796e-05
POI039,인구밀집지역,신림역,11210690,신림동,128160.32075377752,209110.27824767304,0.6128838899156487
POI039,인구밀집지역,신림역,11210640,서원동,80838.09413760263,209110.27824767304,0.3865811609788826
POI039,인구밀집지역,신림역,11210650,신원동,111.8633562922974,209110.27824767304,0.0005349491054658009
POI040,인구밀집지역,신촌·이대역,11130750,신촌동,375747.2602311951,484858.6202315398,0.7749625242338899
POI040,인구밀집지역,신촌·이대역,11140600,대흥동,66059.92597546722,484858.6202315398,0.13624574921225677
POI040,인구밀집지역,신촌·이대역,11140660,서교동,43049.75600316429,484858.6202315398,0.08878826570641618
POI040,인구밀집지역,신촌·이대역,11140760,서강동,1.6780217159190087,484858.6202315398,3.4608474427404935e-06
POI041,인구밀집지역,양재역,11230660,도곡1동,114028.56014095273,288703.9664311239,0.39496707146265175
POI041,인구밀집지역,양재역,11220520,서초2동,100926.33775196996,288703.9664311239,0.34958417440394934
POI041,인구밀집지역,양재역,11220660,양재1동,73749.06853820458,288703.9664311239,0.2554487541334105
POI042,인구밀집지역,역삼역,11230640,역삼1동,270638.88854027883,417515.66515007796,0.6482125369906694
POI042,인구밀집지역,역삼역,11230650,역삼2동,146876.7766097967,417515.66515007796,0.35178746300932484
POI043,인구밀집지역,연신내역,11120580,대조동,43207.57303324115,165119.35812674457,0.2616747880044161
POI043,인구밀집지역,연신내역,11120550,갈현1동,38298.68455128245,165119.35812674457,0.2319454544020491
POI043,인구밀집지역,연신내역,11120520,불광1동,33848.44174368263,165119.35812674457,0.2049937822414546
POI043,인구밀집지역,연신내역,11120560,갈현2동,27190.943235536637,165119.35812674457,0.1646744727209092
POI043,인구밀집지역,연신내역,11120720,불광2동,22573.715563000816,165119.35812674457,0.1367115026311656
POI044,인구밀집지역,오목교역·목동운동장,11150510,목1동,899032.840234396,1087568.7365505004,0.8266446156643913
POI044,인구밀집지역,오목교역·목동운동장,11150710,목5동,183969.7923153957,1087568.7365505004,0.1691569333805075
POI044,인구밀집지역,오목교역·목동운동장,11150650,신정2동,3799.7406527061344,1087568.7365505004,0.003493793564495035
POI044,인구밀집지역,오목교역·목동운동장,11150690,신정6동,766.3633480011813,1087568.7365505004,0.0007046573906049347
POI045,인구밀집지역,왕십리역,11040560,행당1동,161361.59672726714,352806.0287689187,0.45736632474882094
POI045,인구밀집지역,왕십리역,11040540,마장동,114586.21114759377,352806.0287689187,0.32478529788005855
POI045,인구밀집지역,왕십리역,11040550,사근동,76858.2208940674,352806.0287689187,0.21784837737114773
POI046,인구밀집지역,용산역,11030730,한강로동,788900.1330905635,869681.7068978006,0.9071136334517267
POI046,인구밀집지역,용산역,11030570,원효로2동,44764.25730220881,869681.7068978006,0.051472000557405334
POI046,인구밀집지역,용산역,11030720,원효로1동,30270.258159383928,869681.7068978006,0.03480613415149262
POI046,인구밀집지역,용산역,11030640,이촌2동,5747.05834564778,869681.7068978006,0.006608231839379298
POI047,인구밀집지역,이태원역,11030650,이태원1동,114493.84599497926,114493.84599497926,1.0
POI048,인구밀집지역,장지역,11240690,문정2동,294672.77554262854,334882.15079087554,0.8799297748378455
POI048,인구밀집지역,장지역,11240810,장지동,40093.46276689244,334882.15079087554,0.11972409599080028
POI048,인구밀집지역,장지역,11240680,문정1동,115.91248135120276,334882.15079087554,0.0003461291713441808
POI049,인구밀집지역,장한평역,11060870,장안1동,267004.11097567383,447970.2415638191,0.5960309105434979
POI049,인구밀집지역,장한평역,11040700,용답동,180792.35909736936,447970.2415638191,0.4035811808977342
POI049,인구밀집지역,장한평역,11060860,답십리2동,173.77149077957623,447970.2415638191,0.00038790855877604146
POI050,인구밀집지역,천호역,11250730,천호2동,114244.50066839674,154859.55850545364,0.7377297324812755
POI050,인구밀집지역,천호역,11250660,성내2동,31184.97515381779,154859.55850545364,0.20137584954253607
POI050,인구밀집지역,천호역,11240510,풍납1동,9364.464378235147,154859.55850545364,0.06047069014409828
POI050,인구밀집지역,천호역,11250630,천호3동,65.61830500444216,154859.55850545364,0.0004237278320933048
POI051,인구밀집지역,총신대입구(이수)역,11200730,사당2동,126451.17270220397,248921.16983502434,0.5079968601546068
POI051,인구밀집지역,총신대입구(이수)역,11200630,사당1동,71042.20207600397,248921.16983502434,0.28540040255751686
POI051,인구밀집지역,총신대입구(이수)역,11220630,방배2동,25891.62608657132,248921.16983502434,0.10401536399548228
POI051,인구밀집지역,총신대입구(이수)역,11220650,방배4동,25435.67445024327,248921.16983502434,0.10218365302999775
POI051,인구밀집지역,총신대입구(이수)역,11200650,사당3동,100.49452000023874,248921.16983502434,0.0004037202623900681
POI052,인구밀집지역,충정로역,11130730,충현동,74896.46427092729,154369.36642942627,0.4851769881763947
POI052,인구밀집지역,충정로역,11020680,중림동,58554.58070350424,154369.36642942627,0.3793147698787369
POI052,인구밀집지역,충정로역,11140770,공덕동,20913.05779321521,154369.36642942627,0.13547414410602068
POI052,인구밀집지역,충정로역,11130740,북아현동,5.263661782014979,154369.36642942627,3.409783886378384e-05
POI053,인구밀집지역,합정역,11140680,합정동,482644.2927848038,484801.863515408,0.9955495824315542
POI053,인구밀집지역,합정역,11140690,망원1동,2103.614757747011,484801.863515408,0.004339122672700192
POI053,인구밀집지역,합정역,11140660,서교동,53.955972870616414,484801.863515408,0.00011129489577323289
POI054,인구밀집지역,혜화역,11010730,혜화동,113523.9228803914,212007.294367623,0.535471778077313
POI054,인구밀집지역,혜화역,11010640,이화동,98483.37148723252,212007.294367623,0.46452822192269133
POI055,인구밀집지역,홍대입구역(2호선),11140660,서교동,112033.07241634603,112033.07241634604,0.9999999999999999
POI056,인구밀집지역,회기역,11060720,휘경1동,152470.08929254633,297153.52032068575,0.5131020797869121
POI056,인구밀집지역,회기역,11060710,회기동,111405.64402651906,297153.52032068575,0.3749093865901066
POI056,인구밀집지역,회기역,11060730,휘경2동,22277.99824136956,297153.52032068575,0.07497134214438153
POI056,인구밀집지역,회기역,11060890,이문1동,10999.788760260195,297153.52032068575,0.03701719147863135
POI058,발달상권,가락시장,11240660,가락1동,597673.6572800601,624730.8221414229,0.9566898832226374
POI058,발달상권,가락시장,11240690,문정2동,26883.519131333167,624730.8221414229,0.04303216389929843
POI058,발달상권,가락시장,11240650,가락본동,173.64573002844423,624730.8221414229,0.00027795287806231425
POI059,발달상권,가로수길,11230510,신사동,653583.0902045538,653597.2885415987,0.9999782766279882
POI059,발달상권,가로수길,11230770,압구정동,6.369553312608871,653597.2885415987,9.745379034269778e-06
POI059,발달상권,가로수길,11230520,논현1동,4.039307417912542,653597.2885415987,6.18011654688108e-06
POI059,발달상권,가로수길,11220550,잠원동,3.7894763143323473,653597.2885415987,5.797876430589206e-06
POI060,발달상권,광장(전통)시장,11010610,종로1·2·3·4가동,49576.063474565686,63312.13880283516,0.7830419949790993
POI060,발달상권,광장(전통)시장,11010630,종로5·6가동,13734.146800076227,63312.13880283516,0.21692754438207676
POI060,발달상권,광장(전통)시장,11020600,을지로동,1.9285281920919028,63312.13880283516,3.0460638805737867e-05
POI061,발달상권,김포공항,11160690,공항동,460026.5977879459,898845.1633539785,0.5117973779503785
POI061,발달상권,김포공항,11160710,방화2동,438818.56556600454,898845.1633539785,0.4882026220495902
POI063,발달상권,노량진,11200720,노량진1동,471867.20158989803,599325.5187762739,0.7873304019381233
POI063,발달상권,노량진,11200520,노량진2동,127458.31718637649,599325.5187762739,0.21266959806187766
POI064,발달상권,덕수궁길·정동길,11020520,소공동,91985.88863808646,97662.00173556662,0.9418800250188499
POI064,발달상권,덕수궁길·정동길,11010530,사직동,3429.6491198685408,97662.00173556662,0.03511753864266258
POI064,발달상권,덕수궁길·정동길,11010580,교남동,2246.463977613103,97662.00173556662,0.023002436338502612
POI066,발달상권,북촌한옥마을,11010540,삼청동,593387.0675446371,1125402.2953356463,0.527266622792574
POI066,발달상권,북촌한옥마을,11010600,가회동,491050.68620783545,1125402.2953356463,0.43633346781239835
POI066,발달상권,북촌한옥마을,11010610,종로1·2·3·4가동,27447.08100649427,1125402.2953356463,0.024388684046808613
POI066,발달상권,북촌한옥마을,11010720,청운효자동,13508.492230734584,1125402.2953356463,0.01200325633484312
POI066,발달상권,북촌한옥마을,11010730,혜화동,8.96834594570774,1125402.2953356463,7.96901337670808e-06
POI067,발달상권,서촌,11010720,청운효자동,442748.71131088823,613437.4069954453,0.7217504284250074
POI067,발달상권,서촌,11010530,사직동,170688.69568455714,613437.4069954453,0.2782495715749928
POI068,발달상권,성수카페거리,11040680,성수2가3동,396087.60220192163,544996.2842393189,0.7267711976325907
POI068,발달상권,성수카페거리,11040670,성수2가1동,139439.76746990494,544996.2842393189,0.25585452874147324
POI068,발달상권,성수카페거리,11040650,성수1가1동,9437.838103435175,544996.2842393189,0.017317252202201858
POI068,발달상권,성수카페거리,11040660,성수1가2동,31.076464063711697,544996.2842393189,5.7021423746194555e-05
POI070,인구밀집지역,쌍문역,11100530,쌍문3동,148623.77530583064,234833.31980016988,0.632890491997904
POI070,인구밀집지역,쌍문역,11100590,창1동,86196.35444899327,234833.31980016988,0.36705334031108355
POI070,인구밀집지역,쌍문역,11100600,창2동,7.2470516533322185,234833.31980016988,3.086040626389414e-05
POI070,인구밀집지역,쌍문역,11100520,쌍문2동,4.04971414801274,234833.31980016988,1.7245057692233886e-05
POI070,인구밀집지역,쌍문역,11090650,수유3동,1.8932795409829366,234833.31980016988,8.062227040839061e-06
POI071,발달상권,압구정로데오거리,11230770,압구정동,404653.1323350949,634554.532431973,0.6376963864464643
POI071,발달상권,압구정로데오거리,11230780,청담동,229890.73451214185,634554.532431973,0.3622868055658985
POI071,발달상권,압구정로데오거리,11230530,논현2동,10.665584732398504,634554.532431973,1.6807987631136965e-05
POI072,발달상권,여의도,11190540,여의동,4144501.590029672,4144501.5900296723,0.9999999999999999
POI073,발달상권,연남동,11140710,연남동,367914.5034037299,389544.5902743893,0.9444733994241237
POI073,발달상권,연남동,11140720,성산1동,21612.55844385625,389544.5902743893,0.05548160334772636
POI073,발달상권,연남동,11140660,서교동,17.52842679771683,389544.5902743893,4.4997228135988416e-05
POI074,발달상권,영등포 타임스퀘어,11190740,영등포동,257089.532787724,356153.3086318272,0.7218507495419334
POI074,발달상권,영등포 타임스퀘어,11190730,영등포본동,97847.20429527809,356153.3086318272,0.27473338566237343
POI074,발달상권,영등포 타임스퀘어,11190760,문래동,1216.5715488301232,356153.3086318272,0.003415864795707266
POI076,발달상권,용리단길,11030730,한강로동,97793.63374817879,97793.63374817879,1.0
POI077,발달상권,이태원 앤틱가구거리,11030650,이태원1동,124904.1160927834,125867.43425372877,0.9923465655222344
POI077,발달상권,이태원 앤틱가구거리,11030700,보광동,960.7194143981242,125867.43425372877,0.007632787782592488
POI077,발달상권,이태원 앤틱가구거리,11030520,용산2가동,2.5987465494041615,125867.43425372877,2.064669519015936e-05
POI078,발달상권,인사동,11010610,종로1·2·3·4가동,339230.97166330717,340492.5578867405,0.9962948199770846
POI078,발달상권,인사동,11010540,삼청동,1251.203287029783,340492.5578867405,0.0036746861511316093
POI078,발달상권,인사동,11010600,가회동,10.382936405131488,340492.5578867405,3.0493871788484756e-05
POI079,발달상권,창동 신경제 중심지,11110740,상계10동,421101.6226000699,1254719.9014530906,0.3356140459017126
POI079,발달상권,창동 신경제 중심지,11100620,창4동,410628.16327794833,1254719.9014530906,0.3272667969978001
POI079,발달상권,창동 신경제 중심지,11110770,상계6·7동,194745.0040458751,1254719.9014530906,0.1552099427293223
POI079,발달상권,창동 신경제 중심지,11110660,상계2동,136481.3574257832,1254719.9014530906,0.1087743625232406
POI079,발달상권,창동 신경제 중심지,11100630,창5동,91752.4086377158,1254719.9014530906,0.07312580961811267
POI079,발달상권,창동 신경제 중심지,11100590,창1동,5.044970961407566,1254719.9014530906,4.020794565834962e-06
POI079,발달상권,창동 신경제 중심지,11100550,방학1동,3.874448600130895,1254719.9014530906,3.087899216107035e-06
POI079,발달상권,창동 신경제 중심지,11110720,상계8동,2.4260461410683747,1254719.9014530906,1.9335360332284295e-06
POI080,발달상권,청담동 명품거리,11230780,청담동,155369.3330700837,185769.92637428668,0.8363535266577418
POI080,발달상권,청담동 명품거리,11230770,압구정동,30400.593304212798,185769.92637428668,0.16364647334231108
POI081,발달상권,청량리 제기동 일대 전통시장,11060820,제기동,347098.25277722423,405604.44707019755,0.8557555403655431
POI081,발달상권,청량리 제기동 일대 전통시장,11060800,청량리동,57189.230493893236,405604.44707019755,0.14099754306686768
POI081,발달상권,청량리 제기동 일대 전통시장,11060830,전농1동,1216.2097797709862,405604.44707019755,0.002998511945704821
POI081,발달상권,청량리 제기동 일대 전통시장,11060810,용신동,100.75401932673007,405604.44707019755,0.0002484046219278574
POI082,발달상권,해방촌·경리단길,11030520,용산2가동,142514.2780530636,220932.80801255032,0.645057107339929
POI082,발달상권,해방촌·경리단길,11030660,이태원2동,76308.98847088682,220932.80801255032,0.3453945530197218
POI082,발달상권,해방촌·경리단길,11030510,후암동,2109.5414885991904,220932.80801255032,0.009548339640346017
POI083,발달상권,DDP(동대문디자인플라자),11020590,광희동,80275.8712883488,94463.26661470708,0.8498104518846966
POI083,발달상권,DDP(동대문디자인플라자),11020690,신당동,14187.395326357722,94463.26661470708,0.15018954811529747
POI084,발달상권,DMC(디지털미디어시티),11140740,상암동,997346.0960793314,997367.343384967,0.9999786966098534
POI084,발달상권,DMC(디지털미디어시티),11120680,수색동,14.361943149640307,997367.343384967,1.4399853017943499e-05
POI084,발달상권,DMC(디지털미디어시티),11140730,성산2동,6.878395965122318,997367.343384967,6.896552218942438e-06
POI085,공원,강서한강공원,11160761,방화3동,191460.57709014975,297822.7006108526,0.6428676413767398
POI085,공원,강서한강공원,11160710,방화2동,92738.58925662727,297822.7006108526,0.31138858477347336
POI085,공원,강서한강공원,11160751,가양1동,13623.534264075379,297822.7006108526,0.04574377384978605
POI086,공원,고척돔,11170610,고척1동,100922.48626276609,100922.49495442146,0.9999999138779182
POI087,공원,광나루한강공원,11250580,암사2동,332968.6953072057,1240366.8427275296,0.268443724741156
POI087,공원,광나루한강공원,11250560,고덕2동,234461.66657815664,1240366.8427275296,0.189026067532233
POI087,공원,광나루한강공원,11250730,천호2동,218059.73906107247,1240366.8427275296,0.1758026186684946
POI087,공원,광나루한강공원,11240520,풍납2동,159719.8501547042,1240366.8427275296,0.12876823585793784
POI087,공원,광나루한강공원,11240510,풍납1동,116221.51476869328,1240366.8427275296,0.093699307950804
POI087,공원,광나루한강공원,11250550,고덕1동,91372.21826185907,1240366.8427275296,0.07366547952937398
POI087,공원,광나루한강공원,11250590,암사3동,86725.13311794656,1240366.8427275296,0.06991893859984244
POI087,공원,광나루한강공원,11250750,강일동,838.025477912951,1240366.8427275296,0.0006756271201753169
POI088,공원,광화문광장,11010530,사직동,83164.50151259474,138675.71151390992,0.5997048841840836
POI088,공원,광화문광장,11010610,종로1·2·3·4가동,51359.857639102396,138675.71151390992,0.3703594312112163
POI088,공원,광화문광장,11010720,청운효자동,4151.352362215182,138675.71151390992,0.029935684604717384
POI089,공원,국립중앙박물관·용산가족공원,11030690,서빙고동,359804.82653606083,360272.3098934556,0.99870241663165
POI089,공원,국립중앙박물관·용산가족공원,11030730,한강로동,467.48335739216066,360272.3098934556,0.0012975833683427152
POI090,공원,난지한강공원,11140740,상암동,685018.5642189187,685018.5642189181,1.0000000000000009
POI091,공원,남산공원,11020570,필동,1026759.833703822,3211605.3074246426,0.319702994427784
POI091,공원,남산공원,11020580,장충동,681750.4175201141,3211605.3074246426,0.21227714873432055
POI091,공원,남산공원,11030740,한남동,452543.43748925044,3211605.3074246426,0.14090879612231708
POI091,공원,남산공원,11030660,이태원2동,333749.5891845292,3211605.3074246426,0.10391986475204826
POI091,공원,남산공원,11030510,후암동,288181.36968567356,3211605.3074246426,0.0897312534075875
POI091,공원,남산공원,11030520,용산2가동,256649.52030400338,3211605.3074246426,0.07991315735799687
POI091,공원,남산공원,11020540,회현동,154406.01727574973,3211605.3074246426,0.04807751964999912
POI091,공원,남산공원,11020550,명동,17089.699551207104,3211605.3074246426,0.00532123281515909
POI091,공원,남산공원,11020700,다산동,475.42271028995856,3211605.3074246426,0.00014803273278658134
POI092,공원,노들섬,11030640,이촌2동,57397.255428375596,112241.71726950543,0.5113718573153875
POI092,공원,노들섬,11030630,이촌1동,54844.46184112075,112241.71726950543,0.48862814268453153
POI093,공원,뚝섬한강공원,11050660,자양3동,178601.80871143375,455489.3552000742,0.39210973137447463
POI093,공원,뚝섬한강공원,11050650,자양2동,151637.05797768594,455489.3552000742,0.33291021238263446
POI093,공원,뚝섬한강공원,11050670,자양4동,125250.4885109698,455489.3552000742,0.27498005624292443
POI094,공원,망원한강공원,11140680,합정동,142110.28156498534,423517.1233252551,0.33554790051746425
POI094,공원,망원한강공원,11140690,망원1동,125330.10737281133,423517.1233252551,0.2959268952073978
POI094,공원,망원한강공원,11140700,망원2동,111712.74078795302,423517.1233252551,0.2637738467593416
POI094,공원,망원한강공원,11140740,상암동,44363.993599487505,423517.1233252551,0.10475135751575407
POI095,공원,반포한강공원,11220560,반포본동,223919.28162296338,609543.6324772456,0.36735562426094626
POI095,공원,반포한강공원,11220590,반포3동,219335.48632556983,609543.6324772456,0.35983557966829827
POI095,공원,반포한강공원,11220580,반포2동,161484.82360592534,609543.6324772456,0.26492742275009096
POI095,공원,반포한강공원,11030690,서빙고동,4713.746175836162,609543.6324772456,0.007733238319099539
POI095,공원,반포한강공원,11200730,사당2동,90.29474694493706,609543.6324772456,0.00014813500155513114
POI096,공원,북서울꿈의숲,11090620,번3동,715085.308196698,772539.190526831,0.9256298152447742
POI096,공원,북서울꿈의숲,11090710,송중동,57436.206186186064,772539.190526831,0.07434730417626788
POI096,공원,북서울꿈의숲,11080760,장위1동,6.608295550488146,772539.190526831,8.553993935222415e-06
POI096,공원,북서울꿈의숲,11080780,장위3동,5.054963679665171,772539.190526831,6.5433103480717305e-06
POI096,공원,북서울꿈의숲,11090610,번2동,4.383489643419672,772539.190526831,5.674132389879617e-06
POI096,공원,북서울꿈의숲,11110520,월계2동,1.6293950737305254,772539.190526831,2.109142285220979e-06
POI098,공원,서리풀공원·몽마르뜨공원,11220530,서초3동,337401.0244116008,660727.2642804465,0.5106509790829376
POI098,공원,서리풀공원·몽마르뜨공원,11220600,반포4동,158405.03582809618,660727.2642804465,0.2397434529973641
POI098,공원,서리풀공원·몽마르뜨공원,11220650,방배4동,85305.64069847245,660727.2642804465,0.12910870386342096
POI098,공원,서리풀공원·몽마르뜨공원,11220620,방배1동,79615.56334227626,660727.2642804465,0.12049686405627624
POI100,공원,서울대공원,31110560,문원동,2759426.5309340595,2768192.645614844,0.9968332714507168
POI100,공원,서울대공원,31110550,과천동,8766.114680773873,2768192.645614844,0.003166728549279427
POI101,공원,서울숲공원,11040650,성수1가1동,733557.3530584611,926926.509279351,0.7913867450276864
POI101,공원,서울숲공원,11040660,성수1가2동,80967.30654097808,926926.509279351,0.0873502977101464
POI101,공원,서울숲공원,11040730,옥수동,68441.59378341574,926926.509279351,0.07383713066597523
POI101,공원,서울숲공원,11040620,금호4가동,43960.25589650618,926926.509279351,0.047425826596202925
POI102,공원,아차산,31120540,교문1동,2423232.7912989934,5308758.118211315,0.4564594463225338
POI102,공원,아차산,11050580,중곡4동,1523587.3218876878,5308758.118211315,0.2869950538264553
POI102,공원,아차산,11070570,면목7동,618888.7879822076,5308758.118211315,0.1165788258197626
POI102,공원,아차산,11050610,구의2동,351625.2244763027,5308758.118211315,0.06623493040115681
POI102,공원,아차산,11050630,광장동,284850.5254638556,5308758.118211315,0.053656715774391045
POI102,공원,아차산,11070540,면목4동,106521.70672722156,5308758.118211315,0.0200652778588285
POI102,공원,아차산,11070720,면목3·8동,51.760375050583214,5308758.118211315,9.749996872719242e-06
POI103,공원,양화한강공원,11190560,당산2동,146970.65027947864,243164.60916998007,0.6044080624279552
POI103,공원,양화한강공원,11190620,양평2동,96193.95889052178,243164.60916998007,0.3955919375721285
POI104,공원,어린이대공원,11050590,능동,752271.7908269009,752297.6671298959,0.9999656036378609
POI104,공원,어린이대공원,11050610,구의2동,9.033536762927934,752297.6671298959,1.200792871974725e-05
POI104,공원,어린이대공원,11050530,화양동,6.98598331413363,752297.6671298959,9.286195636875996e-06
POI104,공원,어린이대공원,11050540,군자동,6.58263729972399,752297.6671298959,8.75004348323653e-06
POI104,공원,어린이대공원,11050600,구의1동,3.2741456153219417,752297.6671298959,4.352194295395322e-06
POI105,공원,여의도한강공원,11190540,여의동,655615.4296041895,655615.4296041896,0.9999999999999998
POI106,공원,월드컵공원,11140740,상암동,2394138.7141661304,2929839.165452097,0.8171570447952203
POI106,공원,월드컵공원,11140730,성산2동,467228.6670224288,2929839.165452097,0.15947246269756646
POI106,공원,월드컵공원,31101680,대덕동,68471.78426353779,2929839.165452097,0.023370492507213125
POI107,공원,응봉산,11040580,응봉동,218063.44235724225,411826.7918331493,0.5295028072034472
POI107,공원,응봉산,11040620,금호4가동,192151.20042539548,411826.7918331493,0.46658256392227415
POI107,공원,응봉산,11040590,금호1가동,970.2408386259335,411826.7918331493,0.002355943949899754
POI107,공원,응봉산,11040660,성수1가2동,641.9082118862538,411826.7918331493,0.0015586849243803482
POI108,공원,이촌한강공원,11030630,이촌1동,319111.89296434226,483421.7706088545,0.6601107198015325
POI108,공원,이촌한강공원,11030640,이촌2동,157692.86676086433,483421.7706088545,0.3262014173715328
POI108,공원,이촌한강공원,11030690,서빙고동,6617.010883650491,483421.7706088545,0.013687862826940076
POI109,공원,잠실종합운동장,11240790,잠실2동,452168.44629186386,452168.4462918638,1.0000000000000002
POI110,공원,잠실한강공원,11240790,잠실2동,316765.1176784809,464383.63192873565,0.6821194717024215
POI110,공원,잠실한강공원,11240770,잠실6동,85878.88036189432,464383.63192873565,0.1849308943237545
POI110,공원,잠실한강공원,11240800,잠실3동,60936.528268426046,464383.63192873565,0.131220232753116
POI110,공원,잠실한강공원,11240750,잠실4동,676.009392377427,464383.63192873565,0.0014557132204891484
POI110,공원,잠실한강공원,11230580,삼성1동,127.09622757152461,464383.63192873565,0.0002736880002502517
POI111,공원,잠원한강공원,11230510,신사동,154392.4262515149,304259.6388753119,0.5074364342974396
POI111,공원,잠원한강공원,11220550,잠원동,148680.85616342758,304259.6388753119,0.48866440752057233
POI111,공원,잠원한강공원,11220590,반포3동,1186.3564603724617,304259.6388753119,0.0038991581819981073
POI112,공원,청계산,11220670,양재2동,4371216.745942657,4764858.323721268,0.9173865095172055
POI112,공원,청계산,11220680,내곡동,316274.0677979613,4764858.323721268,0.06637638441911888
POI112,공원,청계산,31110550,과천동,35170.509339791475,4764858.323721268,0.007381228769111427
POI112,공원,청계산,31110560,문원동,22124.756685458284,4764858.323721268,0.004643318894774451
POI112,공원,청계산,31021650,고등동,20072.243955412738,4764858.323721268,0.004212558399792394
POI114,발달상권,북창동 먹자골목,11020520,소공동,110924.40001961055,118614.04939159004,0.9351708384342141
POI114,발달상권,북창동 먹자골목,11020540,회현동,7192.931483112361,118614.04939159004,0.06064147982475298
POI114,발달상권,북창동 먹자골목,11020550,명동,496.71788885592076,118614.04939159004,0.004187681740938346
POI115,발달상권,남대문시장,11020540,회현동,110110.03424279804,115759.84134857825,0.9511937210697499
POI115,발달상권,남대문시장,11020550,명동,3375.89147522852,115759.84134857825,0.029162889616123185
POI115,발달상권,남대문시장,11020520,소공동,2273.9156305543197,115759.84134857825,0.01964338931414964
POI116,발달상권,익선동,11010610,종로1·2·3·4가동,183976.47373472125,183976.4737347212,1.0000000000000002
POI117,인구밀집지역,신정네거리역,11150720,신정4동,74650.13576307274,154351.70660983343,0.48363660760662386
POI117,인구밀집지역,신정네거리역,11150640,신정1동,57147.12429971716,154351.70660983343,0.3702396659867992
POI117,인구밀집지역,신정네거리역,11150660,신정3동,20846.45082871708,154351.70660983343,0.1350581168591303
POI117,인구밀집지역,신정네거리역,11150580,신월2동,1707.9957183315692,154351.70660983343,0.01106560954747977
POI118,인구밀집지역,잠실새내역,11240710,잠실본동,236761.93155408325,299466.81809994846,0.7906115711125726
POI118,인구밀집지역,잠실새내역,11240790,잠실2동,50538.6109037592,299466.81809994846,0.16876197244294258
POI118,인구밀집지역,잠실새내역,11240800,잠실3동,12166.275642105084,299466.81809994846,0.040626456444481714
POI119,인구밀집지역,잠실역,11240800,잠실3동,149167.0590084089,257968.52530071876,0.5782374374335864
POI119,인구밀집지역,잠실역,11240770,잠실6동,108801.46629231403,257968.52530071876,0.4217625625664298
POI120,발달상권,잠실롯데타워·석촌호수,11240800,잠실3동,366121.81185993564,871184.6120833441,0.4202574365775295
POI120,발달상권,잠실롯데타워·석촌호수,11240770,잠실6동,271193.8352305855,871184.6120833441,0.3112931879984136
POI120,발달상권,잠실롯데타워·석촌호수,11240580,방이2동,172583.1163653946,871184.6120833441,0.1981016583301221
POI120,발달상권,잠실롯데타워·석촌호수,11240630,석촌동,36210.221999977155,871184.6120833441,0.041564349849321044
POI120,발달상권,잠실롯데타워·석촌호수,11240610,송파1동,25022.112237915764,871184.6120833441,0.0287219400926723
POI120,발달상권,잠실롯데타워·석촌호수,11240640,삼전동,53.51438953714985,871184.6120833441,6.142715194334753e-05
POI121,발달상권,송리단길·호수단길,11240610,송파1동,145065.86258199887,277382.1167641696,0.5229820302558796
POI121,발달상권,송리단길·호수단길,11240630,석촌동,131619.13478442578,277382.1167641696,0.47450476014763576
POI121,발달상권,송리단길·호수단길,11240580,방이2동,695.3527767712585,277382.1167641696,0.002506840689237539
POI121,발달상권,송리단길·호수단길,11240640,삼전동,1.7666209784303566,277382.1167641696,6.3689072642427726e-06
POI122,발달상권,신촌 스타광장,11130750,신촌동,30450.145351066443,30450.145351066443,1.0
POI123,공원,보라매공원,11200700,신대방2동,296833.9523914752,296833.95239147515,1.0000000000000002
POI124,공원,서대문독립공원,11130520,천연동,132215.41456158526,140895.5273707413,0.9383932693170886
POI124,공원,서대문독립공원,11010570,무악동,7852.984095730288,140895.5273707413,0.05573621989480595
POI124,공원,서대문독립공원,11010580,교남동,827.1287134171807,140895.5273707413,0.005870510788044676
POI125,공원,안양천,11190760,문래동,158128.51103771347,368358.8742628452,0.4292784077868576
POI125,공원,안양천,11170510,신도림동,105478.35404783755,368358.8742628452,0.2863467162530546
POI125,공원,안양천,11150650,신정2동,72216.01901106544,368358.8742628452,0.1960479957367205
POI125,공원,안양천,11190610,양평1동,24093.116209073203,368358.8742628452,0.06540663980822513
POI125,공원,안양천,11150510,목1동,8442.873957158852,368358.8742628452,0.02292024041515117
POI126,공원,여의서로,11190540,여의동,417181.82680898684,417181.82680898695,0.9999999999999997
POI127,공원,올림픽공원,11240590,오륜동,1447335.31392334,1461092.1506386602,0.9905845523095126
POI127,공원,올림픽공원,11240750,잠실4동,8125.445169183469,1461092.1506386602,0.005561213346900635
POI127,공원,올림픽공원,11240570,방이1동,2711.0334276777753,1461092.1506386602,0.0018554842187693305
POI127,공원,올림픽공원,11240520,풍납2동,1774.2760831632154,1461092.1506386602,0.0012143491992532155
POI127,공원,올림픽공원,11240580,방이2동,1146.082035306205,1461092.1506386602,0.0007844009255714906
POI128,공원,홍제폭포,11130760,연희동,7533.859180698031,14521.327431622221,0.518813394723956
POI128,공원,홍제폭포,11130680,홍은2동,6987.468250923957,14521.327431622221,0.48118660527602786
POI129,공원,송현녹지광장,11010540,삼청동,185182.5200902189,294920.32136058446,0.6279069520740329
POI129,공원,송현녹지광장,11010600,가회동,99867.55122880898,294920.32136058446,0.3386255337308746
POI129,공원,송현녹지광장,11010610,종로1·2·3·4가동,7000.400484162432,294920.32136058446,0.023736582314391925
POI129,공원,송현녹지광장,11010720,청운효자동,2869.8495573985547,294920.32136058446,0.009730931880715442
POI130,인구밀집지역,시의회 앞,11020520,소공동,63832.26449975418,148553.82655923459,0.4296911495194747
POI130,인구밀집지역,시의회 앞,11020550,명동,60345.46191615392,148553.82655923459,0.4062195051710208
POI130,인구밀집지역,시의회 앞,11010530,사직동,18696.262124913297,148553.82655923459,0.1258551365383935
POI130,인구밀집지역,시의회 앞,11010610,종로1·2·3·4가동,5679.838018411839,148553.82655923459,0.03823420877110191
POI131,인구밀집지역,숭례문,11020520,소공동,88293.7691146484,142668.9701740866,0.6188715668649682
POI131,인구밀집지역,숭례문,11020540,회현동,54375.20105943602,142668.9701740866,0.38112843313501643
